title,Release_date,Running_time,Country,Box office,Directed by,Produced by,Written by,imdb,metascore,rotten_tomatoes,Awards
Academy Award Review of ,1937-05-19,41,United States,N/A,,,,7.1,N/A,,N/A
Snow White and the Seven Dwarfs,1937-12-21,83,United States,"$184,925,486","['David Hand(supervising)', 'William Cottrell', 'Wilfred Jackson', 'Larry Morey', 'Perce Pearce', 'Ben Sharpsteen']",Walt Disney,"['Ted Sears', 'Richard Creedon', 'Otto Englander', 'Dick Rickard', 'Earl Hurd', 'Merrill De Maris', 'Dorothy Ann Blank', 'Webb Smith']",7.6,95,,Nominated for 1 Oscar. Another 11 wins & 5 nominations.
Pinocchio,1940-02-07,88,United States,"$84,254,167","['Ben Sharpsteen', 'Hamilton Luske', 'Bill Roberts', 'Norman Ferguson', 'Jack Kinney', 'Wilfred Jackson', 'T. Hee']",Walt Disney,,7.4,99,73%,Won 2 Oscars. Another 4 wins.
Fantasia,1940-11-13,126,United States,"$76,408,097","['Samuel Armstrong', 'James Algar', 'Bill Roberts', 'Paul Satterfield', 'Ben Sharpsteen', 'David D. Hand', 'Hamilton Luske', 'Jim Handley', 'Ford Beebe', 'T. Hee', 'Norman Ferguson', 'Wilfred Jackson']","['Walt Disney', 'Ben Sharpsteen']",,7.7,96,95%,8 wins & 1 nomination.
The Reluctant Dragon,1941-06-27,74,United States,"$872,000","['Directed by', 'Alfred Werker', '(live action)', 'Hamilton Luske', '(animation)', 'Jack Cutting', ',', 'Ub Iwerks', ',', 'Jack Kinney', '(sequence directors)']",Walt Disney,"['Written by', 'Live-action:', 'Ted Sears', 'Al Perkins', 'Larry Clemmons', 'Bill Cottrell', 'Harry Clork', 'Robert Benchley', 'The Reluctant Dragon', 'segment:', 'Kenneth Grahame', '(original book)', 'Erdman Penner', 'T. Hee', 'Baby Weems', 'segment:', 'Joe Grant', 'Dick Huemer', 'John Miller']",6.9,N/A,67%,N/A
Dumbo,1941-10-23,64,United States,N/A,"['Directed by', 'Ben Sharpsteen', '(supervising director)', 'Norman Ferguson', 'Wilfred Jackson', 'Bill Roberts', 'Jack Kinney', 'Samuel Armstrong']",Walt Disney,,7.2,96,98%,Won 1 Oscar. Another 4 wins & 1 nomination.
Bambi,1942-08-09,70,United States,"$102,247,150","['Directed by', 'Supervising director', 'David Hand', 'Sequence directors', 'James Algar', 'Samuel Armstrong', 'Graham Heid', 'Bill Roberts', 'Paul Satterfield', 'Norman Wright']",Walt Disney,,7.3,91,90%,Nominated for 3 Oscars. Another 6 wins & 3 nominations.
Saludos Amigos,1942-08-24,42,United States,N/A,"['Norman Ferguson', 'Wilfred Jackson', 'Jack Kinney', 'Hamilton Luske', 'Bill Roberts']",Walt Disney,,6.1,60,,Nominated for 3 Oscars. Another 1 win.
Victory Through Air Power,1943-07-17,65,United States,N/A,"['Directed by', 'Animated sequences:', 'James Algar', 'Clyde Geronimi', 'Jack Kinney', 'de Seversky scenes:', 'H.C. Potter']",Walt Disney,"['Written by', 'Story direction:', 'Perce Pearce', 'Story adaptation:', 'T. Hee', 'Erdman Penner', 'Bill Cottrell', 'James Brodero', 'George Stallings', 'Jose Rodriguez']",6.5,N/A,53%,Nominated for 1 Oscar. Another 1 win.
The Three Caballeros,1944-12-21,71,United States,N/A,"['Norman Ferguson(supervising director)', 'Clyde Geronimi', 'Jack Kinney', 'Bill Roberts', 'Harold Young(sequence directors)']",Walt Disney,,6.4,85,82%,Nominated for 2 Oscars. Another 1 nomination.
Make Mine Music,1946-04-20,75,United States,N/A,"['Jack Kinney', 'Clyde Geronimi', 'Hamilton Luske', 'Joshua Meador', 'Robert Cormack']",Walt Disney,,6.3,60,70%,1 win & 1 nomination.
Song of the South,1946-11-12,94,United States,"$37,459,346","['Live action:', 'Harve Foster', 'Animation:', 'Wilfred Jackson']",Walt Disney,,7.1,54,50%,Won 1 Oscar. Another 1 win & 1 nomination.
Fun and Fancy Free,1947-09-27,73,United States,N/A,"['Jack Kinney(animation)', 'Bill Roberts(animation)', 'Hamilton Luske(animation)', 'William Morgan']",Walt Disney,,6.5,66,67%,N/A
Melody Time,1948-05-27,75,United States,N/A,"['Directed by', 'Jack Kinney', 'Clyde Geronimi', 'Hamilton Luske', 'Wilfred Jackson']",Walt Disney,"['Written by', 'Winston Hibler', 'Harry Reeves', 'Ken Anderson', 'Erdman Penner', 'Homer Brightman', 'Ted Sears', 'Joe Rinaldi', 'Bill Cottrell', 'Jesse Marsh', 'Art Scott', 'Bob Moore', 'John Walbridge']",6.3,69,80%,1 win.
So Dear to My Heart,1948-11-29,82,United States,N/A,"['Directed by', 'Harold D. Schuster', 'Hamilton Luske']","['Produced by', 'Walt Disney', 'Perce Pearce']","['Written by', 'Ken Anderson', 'John Tucker Battle', 'Marc Davis', 'Bill Peet', 'Maurice Rapf', 'Ted Sears']",6.8,N/A,53%,N/A
The Adventures of Ichabod andMr. Toad,1949-10-05,68,United States,,"['Jack Kinney', 'Clyde Geronimi', 'James Algar', 'Ben Sharpsteen(production supervisor)']",Walt Disney,,,,,
Cinderella,1950-02-15,74,United States,"$201,151,353","['Clyde Geronimi', 'Hamilton Luske', 'Wilfred Jackson', 'Ben Sharpsteen(production supervisor)']",Walt Disney,,6.9,67,83%,Nominated for 1 Oscar. Another 8 wins & 36 nominations.
Treasure Island,1950-06-22,96,,"$4,087,500",Byron Haskin,"['Walt Disney', 'Perce Pearce']",Lawrence Edward Watkin,6.9,89,,1 nomination.
Alice in Wonderland,1951-07-26,75,United States,"$334,191,110","['Clyde Geronimi', 'Wilfred Jackson', 'Hamilton Luske']",Walt Disney,,6.4,53,51%,Won 2 Oscars. Another 33 wins & 63 nominations.
The Story of Robin Hood,1952-03-13,84,,"$4,578,000",Ken Annakin,"['Produced by', 'Perce Pearce', 'Walt Disney']",Lawrence Edward Watkin,6.7,64,67%,N/A
Peter Pan,1953-02-05,77,United States,"$87,404,651","['Clyde Geronimi', 'Wilfred Jackson', 'Hamilton Luske']",Walt Disney,,7.3,76,78%,2 nominations.
The Sword and the Rose,1953-08-08,92,,"$1,000,000",Ken Annakin,"['Produced by', 'Perce Pearce', 'Walt Disney']","['Written by', 'Lawrence Edward Watkin', '(screenplay)', 'Charles Major', '(novel ""When Knighthood was in Flower"")']",6.4,N/A,36%,N/A
The Living Desert,1953-11-10,69,United States,N/A,James Algar,"['Produced by', 'Ben Sharpsteen', 'Walt Disney']","['Written by', 'James Algar', 'Winston Hibler']",7.5,69,72%,Won 1 Oscar. Another 6 wins & 2 nominations.
Rob Roy: The Highland Rogue,1953-10-26,81,,N/A,Harold French,"['Produced by', 'Perce Pearce', 'Walt Disney']",Lawrence Edward Watkin,6.3,N/A,36%,N/A
The Vanishing Prairie,1954-08-17,,United States,N/A,James Algar,"['Produced by', 'Ben Sharpsteen', 'Walt Disney']","['Written by', 'James Algar', 'Winston Hibler']",7.4,N/A,81%,Won 1 Oscar. Another 3 wins.
"20,000 Leagues Under the Sea",1954-12-23,127,United States,N/A,Richard Fleischer,Walt Disney,,7.2,83,89%,Won 2 Oscars. Another 3 wins & 3 nominations.
Davy Crockett: King of the Wild Frontier,1955-05-25,92,United States,"$2,150,000",Norman Foster,Bill Walsh,Tom Blackburn,7.0,N/A,100%,N/A
Lady and the Tramp,1955-06-22,76,United States,"$93,602,326","['Clyde Geronimi', 'Wilfred Jackson', 'Hamilton Luske']",Walt Disney,,7.3,78,93%,Nominated for 1 BAFTA Film Award. Another 1 win & 1 nomination.
The African Lion,1955-09-14,75,United States,N/A,James Algar,Ben Sharpsteen,"['Written by', 'James Algar', 'Winston Hibler']",7.2,N/A,77%,3 wins.
The Littlest Outlaw,1955-12-22,73,,N/A,Roberto Gavaldón,,,6.2,N/A,50%,N/A
The Great Locomotive Chase,1956-06-08,85,United States,N/A,Francis D. Lyon,"['Produced by', 'Lawrence Edward Watkin', 'Walt Disney']",Lawrence Edward Watkin,6.9,N/A,53%,1 nomination.
Davy Crockett and the River Pirates,1956-07-18,81,United States,N/A,Norman Foster,Bill Walsh,"['Written by', 'Tom Blackburn', 'Norman Foster']",6.8,N/A,73%,N/A
Secrets of Life,1956-09-04,70,United States,N/A,James Algar,Ben Sharpsteen,James Algar,7.3,N/A,50%,1 win.
Westward Ho the Wagons!,1956-12-20,90,United States,"$2,750,000",William Beaudine,Bill Walsh,,5.8,N/A,,N/A
Johnny Tremain,1957-06-19,80,United States,N/A,Robert Stevenson,Walt Disney,"['Written by', 'Esther Forbes', 'Tom Blackburn']",6.5,N/A,50%,N/A
Perri,1957-08-28,75,United States,N/A,"['Directed by', 'N. Paul Kenworthy', 'Ralph Wright']",Winston Hibler,"['Written by', 'Ralph Wright', 'Winston Hibler', 'Felix Salten']",6.8,N/A,67%,Nominated for 1 Oscar. Another 1 win.
Old Yeller,1957-12-25,83,United States,"$21,909,000",Robert Stevenson,Walt Disney,,7.3,84,100%,2 wins.
The Light in the Forest,1958-07-08,83,United States,N/A,Herschel Daugherty,Walt Disney,Lawrence Edward Watkin,6.5,N/A,36%,N/A
White Wilderness,1958-08-12,72,,N/A,James Algar,"Ben Sharpsteen,Walt Disney",James Algar,5.1,N/A,25%,Won 1 Oscar. Another 1 win & 2 nominations.
Tonka,1958-12-25,97,United States,N/A,Lewis R. Foster,"['Produced by', 'James C. Pratt', 'John Lasseter']","['Written by', 'David Appel', 'Lewis R. Foster', 'Lillie Hayward']",6.5,N/A,71%,N/A
Sleeping Beauty,1959-01-29,75,United States,"$51,600,000","['Clyde Geronimi(supervising)', 'Eric Larson', 'Wolfgang Reitherman', 'Les Clark']",Walt Disney,Erdman Penner,7.2,85,89%,Nominated for 1 Oscar. Another 4 wins & 5 nominations.
The Shaggy Dog,1959-03-19,104,United States,"$61,123,569",Charles Barton,"['Produced by', 'Walt Disney', 'Bill Walsh']","['Written by', 'Lillie Hayward', 'Bill Walsh']",4.4,43,26%,2 wins & 5 nominations.
Darby O'Gill and the Little People,1959-06-24,93,United States,N/A,Robert Stevenson,"['Produced by', 'Bill Anderson', 'Walt Disney']","['Written by', 'H. T. Kavanagh', '(stories)', 'Lawrence Edward Watkin']",7.2,80,100%,N/A
Third Man on the Mountain,1959-11-10,105,United States,N/A,Ken Annakin,"['Produced by', 'Bill Anderson', 'Walt Disney']",Eleanore Griffin,7.1,N/A,76%,N/A
Toby Tyler or 10 Weeks with a Circus,1960-01-21,95,United States,,Charles Barton,Bill Walsh,Lillie HaywardandBill Walsh,,,,
Kidnapped,1960-02-24,97,United States,,Robert Stevenson,Walt Disney,Robert Stevenson,7.6,N/A,,Nominated for 1 Primetime Emmy. Another 1 win.
Pollyanna,1960-05-19,134,United States,N/A,David Swift,"['Produced by', 'David Swift', 'Walt Disney', 'Associate Producer:', 'George Golitzen']",,7.4,N/A,86%,Won 1 Golden Globe. Another 1 win & 1 nomination.
Jungle Cat,1960-06-01,69,United States,N/A,James Algar,Ben Sharpsteen,James Algar,7.3,N/A,71%,1 win & 1 nomination.
Ten Who Dared,1960-11-01,92,United States,N/A,William Beaudine,"['Produced by', 'Walt Disney', 'James Algar']",Lawrence Edward Watkin,5.7,N/A,25%,N/A
Swiss Family Robinson,1960-12-21,126,United States,"$40,356,000",Ken Annakin,"['Produced by', 'Bill Anderson', 'Basil Keys', 'Walt Disney']",Lowell S. Hawley,7.2,61,82%,N/A
One Hundred and One Dalmatians,1961-01-25,79,United States,"$144,880,014","['Clyde Geronimi', 'Hamilton Luske', 'Wolfgang Reitherman']",Walt Disney,,7.3,83,98%,Won 1 BAFTA Film Award. Another 1 nomination.
The Absent-Minded Professor,1961-03-16,97,United States,N/A,Robert Stevenson,"['Walt Disney', 'Bill Walsh']",Bill Walsh,N/A,N/A,,N/A
The Parent Trap,1961-06-21,128,United States,"$66,308,518",David Swift,"['Produced by', 'Walt Disney', 'George Golitzen']",David Swift,6.5,64,86%,2 wins & 7 nominations.
Nikki: Wild Dog of the North,1961-07-12,74,United States,N/A,"['Directed by', 'Jack Couffer', 'Don Haldane']",Winston Hibler,,6.9,N/A,55%,1 win.
Greyfriars Bobby,1961-07-17,91,United States,N/A,Don Chaffey,"['Walt Disney', 'Hugh Attwooll']",Robert Westerby,7.3,N/A,100%,N/A
Babes in Toyland,1961-10-22,105,United States,"$10,218,316",Jack Donohue,Walt Disney,"['Lowell S. Hawley', 'Ward Kimball', 'Joe Rinaldi']",6.3,55,36%,Nominated for 2 Oscars. Another 1 win & 4 nominations.
Moon Pilot,1962-04-05,98,United States,N/A,James Neilson,Walt Disney,Maurice Tombragel,5.4,N/A,55%,N/A
Bon Voyage!,1962-05-17,130,United States,"$11,990,000",James Neilson,Walt Disney,"['Written by', 'James A. Herne', 'Charles Kenyon']",5.8,N/A,36%,N/A
Big Red,1962-06-06,89,United States,N/A,Norman Tokar,Walt Disney,"['Written by', 'Jim Kjelgaard', '(novel)', 'Louis Pelletier']",6.4,N/A,46%,N/A
Almost Angels,1962-09-26,93,United States,N/A,Steve Previn,Walt Disney,"['Vernon Harris', 'Robert A. Stemmle']",6.6,N/A,75%,N/A
The Legend of Lobo,1962-11-07,67,United States,N/A,"['Directed by', 'James Algar', 'Jack Couffer']","['Produced by', 'Walt Disney', 'James Algar', 'Jack Couffer']",Dwight Hauser and James Algar,7.0,N/A,33%,N/A
In Search of the Castaways,1962-11-14,98,United States,"$21,745,500",Robert Stevenson,"['Produced by', 'Associate Producer:', 'Hugh Attwooll']",Lowell S. Hawley,6.6,N/A,63%,2 nominations.
Son of Flubber,1963-01-16,100,United States,N/A,Robert Stevenson,"['Produced by', 'Walt Disney', 'Bill Walsh']","['Written by', 'Don DaGradi', 'Bill Walsh']",6.2,N/A,88%,2 nominations.
Miracle of the White Stallions,1963-03-29,118,United States,N/A,Arthur Hiller,"['Produced by', 'Ron Miller', 'Walt Disney']","['Written by', 'Alois Podhajsky', 'AJ Carothers']",6.6,N/A,72%,N/A
Savage Sam,1963-06-01,103,United States,"$6,540,000",Norman Tokar,"['Walt Disney', 'Ron Miller']","['Fred Gipson', 'William Turberg']",6.2,N/A,50%,N/A
Summer Magic,1963-07-07,110,United States,N/A,James Neilson,"['Walt Disney', 'Ron Miller']",Sally Benson,7.1,N/A,76%,N/A
The Incredible Journey,1963-11-20,80,,N/A,Fletcher Markle,"['Produced by', 'James Algar', 'Walt Disney']",James Algar,7.1,87,89%,N/A
The Sword in the Stone,1963-12-25,79,United States,"$12,000,000",Wolfgang Reitherman,Walt Disney,,7.2,61,66%,Nominated for 1 Oscar. Another 1 win.
A Tiger Walks,1964-03-12,91,United States,N/A,Norman Tokar,"['Produced by', 'Bill Anderson', 'Ron W. Miller']",Lowell S. Hawley,6.4,N/A,54%,N/A
The Misadventures of Merlin Jones,1964-02-11,91,United States,N/A,Robert Stevenson,"['Walt Disney', 'Ron Miller']",,6.4,N/A,63%,N/A
The Three Lives of Thomasina,1963-12-11,97,,N/A,Don Chaffey,"['Walt Disney', 'Ron MillerWalt Disney']",Robert Westerby,7.2,N/A,73%,N/A
The Moon-Spinners,1964-07-02,118,,N/A,James Neilson,"['Produced by', 'Ron Miller', 'Walt Disney']",Michael Dyne,6.7,N/A,61%,N/A
Mary Poppins,1964-08-27,139,United States,"$102,272,727",Robert Stevenson,Walt Disney,,7.8,88,98%,Won 5 Oscars. Another 15 wins & 17 nominations.
Emil and the Detectives,1964-12-18,92,United States,N/A,Peter Tewksbury,"['Produced by', 'John McKimson', 'Walt Disney']",Erich Kästner,6.0,N/A,,2 wins.
Those Calloways,1965-01-28,131,United States,N/A,Norman Tokar,,,6.7,N/A,56%,N/A
The Monkey's Uncle,1965-08-18,87,United States,N/A,Robert Stevenson,"['Produced by', 'Ron Miller', 'Walt Disney']","['Written by', 'Alfred Lewis Levitt', 'Helen Levitt']",6.1,N/A,42%,N/A
That Darn Cat!,1965-12-02,116,United States,"$28,062,222",Robert Stevenson,"['Produced by', 'Walt Disney', 'Bill Walsh', 'Ron W. Miller']",,6.8,71,94%,6 nominations.
The Ugly Dachshund,1966-02-04,93,United States,"$13,516,000",Norman Tokar,"['Produced by', 'Walt Disney', 'Winston Hibler']",,6.7,N/A,73%,N/A
"Lt. Robin Crusoe, U.S.N.",1966-06-25,110,United States,"$22,565,634",Byron Paul,"['Produced by', 'Ron W. Miller', 'Bill Walsh', 'Walt Disney', '(uncredited)']","['Written by', 'Walt Disney', 'Don DaGradi', 'Bill Walsh', 'Daniel Defoe', '(novel)']",6.1,N/A,41%,1 win.
The Fighting Prince of Donegal,1966-10-01,110,,N/A,Michael O'Herlihy,Walt Disney,"['Written by', 'Robert Westerby', ',', 'Robert T. Reilly']",6.2,N/A,9%,N/A
"Follow Me, Boys!",1966-12-01,131,United States,N/A,Norman Tokar,"['Produced by', 'Walt Disney', 'Winston Hibler']",,7.2,N/A,77%,1 nomination.
"Monkeys, Go Home!",1967-02-08,101,United States,N/A,Andrew V. McLaglen,Walt Disney,,5.9,N/A,45%,N/A
The Adventures of Bullwhip Griffin,1967-06-15,108,United States,N/A,James Neilson,Walt Disney,,6.5,N/A,50%,N/A
The Gnome-Mobile,1967-07-12,84,United States,N/A,Robert Stevenson,"['Produced by', 'James Algar', 'Walt Disney']",Ellis Kadison,6.6,N/A,59%,N/A
The Jungle Book,1967-10-18,78,United States,"$364,001,123",Wolfgang Reitherman,Walt Disney,,7.4,77,94%,Won 1 Oscar. Another 32 wins & 54 nominations.
"Charlie, the Lonesome Cougar",1967-10-19,75,United States,N/A,Winston Hibler,"['Produced by', 'Walt Disney', 'Winston Hibler', 'Charles L. Draper']",Jack Speirs,6.9,N/A,61%,N/A
The Happiest Millionaire,1967-06-23,,United States,N/A,Norman Tokar,"['Produced by', 'Walt Disney', 'Bill Anderson']",,6.8,N/A,50%,Nominated for 1 Oscar. Another 1 nomination.
Blackbeard's Ghost,1968-02-08,106,United States,"$10,900,000",Robert Stevenson,Bill Walsh,,6.9,71,82%,N/A
"The One and Only, Genuine, Original Family Band",1968-03-21,110,United States,N/A,Michael O'Herlihy,Bill Anderson,,6.5,N/A,61%,N/A
Never a Dull Moment,1968-06-26,99,United States,"$4,150,000",Jerry Paris,Ron Miller,AJ Carothers,6.2,N/A,51%,N/A
The Horse in the Gray Flannel Suit,1968-12-20,113,United States,N/A,Norman Tokar,Winston Hibler,"['Written by', 'Eric Hatch', '(book)', 'Louis Pelletier']",6.5,N/A,70%,N/A
The Love Bug,1968-12-24,108,United States,"$51,264,000",Robert Stevenson,Bill Walsh,,6.5,48,76%,1 win & 2 nominations.
Smith!,1969-03-21,112,United States,N/A,Michael O'Herlihy,Bill Anderson,Louis Pelletier,5.8,N/A,,N/A
Rascal,1969-06-11,93,United States,N/A,Norman Tokar,James Algar,Harold Swanton,6.5,N/A,44%,N/A
The Computer Wore Tennis Shoes,1969-12-31,91,United States,"$728,653",Robert Butler,Bill Anderson,Joseph L. McEveety,6.1,54,50%,N/A
King of the Grizzlies,1970-02-11,93,,N/A,Ron Kelly,Winston Hibler,,5.8,N/A,27%,N/A
The Boatniks,1970-07-01,100,United States,"$18,607,492",Norman Tokar,Ron Miller,Arthur Julian,5.6,N/A,49%,N/A
The Wild Country,1970-12-15,100,United States,N/A,Robert Totten,Ron Miller,"['Written by', 'Calvin Clements Jr.', 'Paul Savage']",6.4,N/A,,N/A
The Aristocats,1970-12-11,79,United States,"$35,452,658",Wolfgang Reitherman,"['Produced by', 'Winston Hibler', 'Wolfgang Reitherman']",,7.1,66,64%,3 wins.
The Barefoot Executive,1971-03-17,96,United States,N/A,Robert Butler,Bill Anderson,,6.1,55,83%,N/A
Scandalous John,1971-06-22,113,United States,"$27,000",Robert Butler,Bill Walsh,Bill Walsh,6.0,N/A,20%,N/A
The Million Dollar Duck,1971-06-30,89,United States,"$11,118,000",Vincent McEveety,Bill Anderson,,5.9,45,17%,N/A
Bedknobs and Broomsticks,1971-10-07,,United States,N/A,Robert Stevenson,Bill Walsh,,7.1,59,66%,Won 1 Oscar. Another 1 win & 5 nominations.
The Biscuit Eater,1972-03-22,92,United States,"$421,300",Vincent McEveety,Bill Anderson,,5.7,N/A,48%,N/A
"Now You See Him, Now You Don't",1972-07-12,88,United States,N/A,Robert Butler,Ron Miller,,6.3,N/A,80%,N/A
Napoleon and Samantha,1972-07-05,92,United States,N/A,Bernard McEveety,Winston Hibler,Stewart Raffill,6.1,N/A,44%,N/A
"Run, Cougar, Run",1972-10-18,87,United States,N/A,Jerome Courtland,James Algar,,6.5,N/A,,N/A
Snowball Express,1972-12-22,93,United States,N/A,Norman Tokar,"['Produced by', 'Ron Miller', 'Tom Leetch']","['Written by', 'Frankie O\'Rear (book ""Chateau Bon Vivant"")', 'John O\'Rear (book ""Chateau Bon Vivant"")', 'Don Tait', 'Jim Parker', 'Arnold Margolin']",6.5,N/A,60%,N/A
The World's Greatest Athlete,1973-02-01,93,United States,"$125,000",Robert Scheerer,Bill Walsh,"['Written by', 'Dee Caruso', 'Gerald Gardner']",5.8,N/A,34%,N/A
Charley and the Angel,1973-03-23,93,United States,N/A,Vincent McEveety,Bill Anderson,"['Written by', 'Will Stanton', '(book author)', 'Roswell Rogers (film writer)']",6.2,N/A,33%,N/A
Robin Hood,1973-11-08,83,United States,"$105,269,730",Wolfgang Reitherman,Wolfgang Reitherman,,6.6,53,43%,1 win & 14 nominations.
Superdad,1973-12-14,96,United States,"$239,000",Vincent McEveety,Bill Anderson,"['Written by', 'Joseph L. McEveety', 'Harlan Ware']",5.3,N/A,35%,N/A
Herbie Rides Again,1974-06-06,88,United States,"$38,229,000",Robert Stevenson,Bill Walsh,,5.7,49,80%,N/A
The Bears and I,1974-07-31,89,United States,"$273,156",Bernard McEveety,Winston Hibler,,6.2,N/A,33%,N/A
The Castaway Cowboy,1974-08-01,91,United States,N/A,Vincent McEveety,"['Produced by', 'Ron Miller', 'Winston Hibler']",Don Tait,5.9,N/A,29%,N/A
The Island at the Top of the World,1974-12-20,93,United States,N/A,Robert Stevenson,Winston Hibler,"['Written by', 'Ian Cameron', '(novel)', 'John Whedon', '(screenplay)']",6.3,N/A,43%,N/A
The Strongest Man in the World,1975-02-06,92,United States,N/A,Vincent McEveety,Bill Anderson,"['Written by', 'Joseph L. McEveety', 'Herman Groves']",6.1,63,39%,N/A
Escape to Witch Mountain,1975-03-21,97,United States,"$20,000,000",John Hough,"['Produced by', 'Ron Miller', 'Jerome Courtland']",,6.4,60,76%,N/A
The Apple Dumpling Gang,1975-07-01,100,United States,"$36,853,000",Norman Tokar,Bill Anderson,Don Tait,6.5,59,56%,N/A
One of Our Dinosaurs is Missing,1975-07-09,100,,N/A,Robert Stevenson,Bill Walsh,Bill Walsh,6.0,N/A,69%,N/A
The Best of Walt Disney's True-Life Adventures,1975-10-08,89,United States,N/A,,"['Produced by', 'Ben Sharpsteen', 'James Algar']","['Written by', 'James Algar', 'Winston Hibler', 'Ted Sears']",7.2,N/A,,N/A
Ride a Wild Pony,1975-12-25,91,,N/A,Don Chaffey,Jerome Courtland,Rosemary Anne Sisson,6.3,N/A,60%,N/A
"No Deposit, No Return",1976-02-11,112,United States,N/A,Norman Tokar,Ron Miller,"['Written by', 'Arthur Alsberg', 'Don Nelson']",6.6,N/A,67%,N/A
Treasure of Matecumbe,1976-07-01,115,United States,N/A,Vincent McEveety,"['Produced by', 'Bill Anderson', 'Ron Miller']",Don Tait,6.2,N/A,46%,N/A
Gus,1976-07-07,95,United States,"$21,873,000",Vincent McEveety,Ron Miller,,5.9,52,58%,N/A
The Shaggy D.A.,1976-12-16,91,United States,N/A,Robert Stevenson,Bill Anderson,Don Tait,5.9,60,50%,N/A
Freaky Friday: The Movie,1976-12-17,95,United States,,Gary Nelson,Ron Miller,,,,,
Escape from the Dark,1976-05-26,104,,,Charles Jarrott,Ron Miller,Rosemary Anne Sisson,,,,
The Many Adventures of ,1977-03-11,74,United States,N/A,"['Directed by', 'John Lounsbery', 'Wolfgang Reitherman']",Wolfgang Reitherman,,7.6,N/A,100%,1 nomination.
A Tale of Two Critters,1977-06-22,48,United States,N/A,Jack Speirs,Jack Speirs,,6.2,N/A,20%,N/A
The Rescuers,1977-06-22,77,United States,"$71,215,869","['Wolfgang Reitherman', 'John Lounsbery', 'Art Stevens']","['Wolfgang Reitherman', 'Ron W. Miller']",,6.9,74,81%,Nominated for 1 Oscar. Another 2 wins.
Herbie Goes to Monte Carlo,1977-06-24,104,United States,"$29,000,000",Vincent McEveety,Ron Miller,"['Written by', 'Arthur Alsberg', 'Don Nelson']",5.7,38,60%,N/A
Pete's Dragon,1977-11-03,128,United States,"$76,233,151",Don Chaffey,"['Jerome Courtland', 'Ron W. Miller']",,6.7,71,88%,3 wins & 7 nominations.
Candleshoe,1977-12-16,101,United States,N/A,Norman Tokar,Ron Miller,"['Written by', 'David Swift', 'Rosemary Anne Sisson']",6.8,68,71%,N/A
Return from Witch Mountain,1978-03-10,94,United States,"$16,393,000",John Hough,"['Produced by', 'Ron Miller', 'Jerome Courtland']",Malcolm Marmorstein,5.9,51,50%,N/A
The Cat from Outer Space,1978-06-30,104,United States,N/A,Norman Tokar,Ron Miller,Ted Key,6.1,58,67%,1 nomination.
Hot Lead and Cold Feet,1978-07-05,90,United States,N/A,Robert Butler,Ron Miller,"['Written by', 'Joe McEveety', 'Arthur Alsberg', 'Don Nelson']",6.2,N/A,65%,N/A
The North Avenue Irregulars,1979-02-09,100,United States,N/A,Bruce Bilson,Ron Miller,Don Tait,6.8,N/A,78%,N/A
The Apple Dumpling Gang Rides Again,1979-06-27,88,United States,"$20,931,111",Vincent McEveety,"['Produced by', 'Tom Leetch', 'Ron W. Miller']",Don Tait,6.2,37,54%,N/A
Unidentified Flying Oddball,1979-07-19,93,,N/A,Russ Mayberry,Ron Miller,Don Tait,5.3,66,33%,N/A
The Black Hole,1979-12-18,98,United States,"$35,841,901",Gary Nelson,Ron Miller,,6.0,52,38%,Nominated for 2 Oscars. Another 6 nominations.
The Omega Connection,1979-12-21,100,United States,,Robert Clouse,Jan Williams,"['Written by', 'Gail Morgan Hickman', 'David E. Boston']",,,,
Midnight Madness,1980-02-08,112,United States,"$2,900,000","['Directed by', 'Michael Nankin', 'David Wechter']",Ron Miller,"['Written by', 'Michael Nankin', 'David Wechter']",6.4,28,70%,N/A
The Watcher in the Woods,1980-04-17,84,United States,"$5,000,000","['John Hough', 'Vincent McEveety(uncredited)']",Ron Miller,,6.3,N/A,50%,1 win & 4 nominations.
Herbie Goes Bananas,1980-06-27,98,United States,"$18,000,000",Vincent McEveety,"['Produced by', 'Kevin Corcoran', 'Ron Miller', 'Don Tait']",Don Tait,5.0,55,40%,2 nominations.
The Last Flight of Noah's Ark,1980-07-09,97,United States,"$11,000,000",Charles Jarrott,"['Produced by', 'Ron Miller', 'Jan Williams']","['Written by', 'Steven W. Carabatsos', 'Sandy Glass', 'George Arthur Bloom']",5.8,N/A,40%,4 nominations.
Popeye,1980-12-06,114,United States,"$49,823,037",Robert Altman,Robert Evans,,5.3,64,63%,3 wins & 4 nominations.
The Devil and Max Devlin,1981-02-11,96,United States,"$16,000,000",Steven Hilliard Stern,Jerome Courtland,Mary Rodgers,5.1,N/A,18%,N/A
Amy,1981-03-20,100,United States,"$8,413,144",Vincent McEveety,Jerome Courtland,Noreen Stone,7.8,85,95%,Won 1 Oscar. Another 50 wins & 48 nominations.
Dragonslayer,1981-06-26,109,United States,"$14,110,013",Matthew Robbins,"['Hal Barwood', 'Howard W. Koch']","['Hal Barwood', 'Matthew Robbins']",6.7,68,84%,Nominated for 2 Oscars. Another 5 nominations.
The Fox and the Hound,1981-07-10,83,United States,"$63,456,988","['Ted Berman', 'Richard Rich', 'Art Stevens']","['Ron Miller', 'Wolfgang Reitherman', 'Art Stevens']",,7.3,65,70%,1 win & 2 nominations.
Condorman,1981-08-07,90,United States,N/A,Charles Jarrott,Jan Williams,"['Written by', 'Mickey Rose', 'Marc Stirdivant']",5.8,N/A,29%,N/A
Night Crossing,1982-02-05,107,,"$8,000,000",Delbert Mann,Tom Leetch,John McGreevey,6.5,N/A,80%,2 nominations.
Tron,1982-07-09,96,United States,"$33,000,000",Steven Lisberger,Donald Kushner,,6.8,58,72%,Nominated for 2 Oscars. Another 2 wins & 6 nominations.
Tex,1982-07-30,103,United States,"$7,400,000",Tim Hunter,"['Produced by', 'Tim Zinnemann', 'Ron Miller']",,6.5,78,85%,Nominated for 1 Golden Globe. Another 2 nominations.
Trenchcoat,1983-03-11,91,United States,"$4,304,286",Michael Tuchner,Jerry Leider,"['Written by', 'Jeffrey Price', 'Peter S. Seaman']",5.3,N/A,33%,N/A
Something Wicked This Way Comes,1983-04-29,95,United States,"$8,400,000",Jack Clayton,Peter Douglas,Ray Bradbury,6.8,N/A,61%,2 wins & 7 nominations.
Never Cry Wolf,1983-10-07,105,United States,"$29,600,000",Carroll Ballard,"['Produced by', 'Lewis Allen', 'Jack Couffer', 'Joseph Strick']",,7.5,N/A,100%,Nominated for 1 Oscar. Another 4 wins & 2 nominations.
Return to Oz,1985-06-21,113,,"$11,137,801",Walter Murch,Paul Maslansky,,6.8,42,53%,Nominated for 1 Oscar. Another 5 nominations.
The Black Cauldron,1985-07-26,80,United States,"$21,288,692","['Ted Berman', 'Richard Rich']","['Joe Hale', 'Ron Miller']",,6.4,59,53%,N/A
The Journey of Natty Gann,1985-09-27,101,United States,"$9,708,373",Jeremy Kagan,Mike Lobell,Jeanne Rosenberg,7.1,66,91%,Nominated for 1 Oscar. Another 1 win & 2 nominations.
One Magic Christmas,1985-11-22,89,,"$13,677,222",Phillip Borsos,Peter O'Brian,,6.5,N/A,47%,2 wins & 7 nominations.
The Great Mouse Detective,1986-07-02,74,United States,"$38,625,550","['John Musker', 'Dave Michener', 'Ron Clements', 'Burny Mattinson']",Burny Mattinson,,7.2,73,80%,1 win & 3 nominations.
Flight of the Navigator,1986-08-01,90,United States,"$18,564,613",Randal Kleiser,"['Dimitri Villard', 'Robert Wald']",,6.9,64,84%,4 nominations.
Benji the Hunted,1987-06-05,89,United States,"$22,257,624",Joe Camp,Ben Vaughn,Joe Camp,6.3,53,55%,1 win & 1 nomination.
The Man from Snowy River II,1988-03-24,110,Australia,,Geoff Burrowes,Geoff Burrowes,"['Written by', 'Banjo Paterson', '(poem)', 'Geoff Burrowes', '(story)', 'John Dixon']",,,,
Oliver & Company,1988-11-18,74,United States,"$74,151,346",George Scribner,,,6.7,58,50%,Nominated for 1 Golden Globe. Another 1 win & 1 nomination.
"Honey, I Shrunk the Kids",1989-06-23,93,United States,"$130,724,172",Joe Johnston,Penney Finkelman Cox,,6.4,63,77%,Won 1 BAFTA Film Award. Another 1 win & 10 nominations.
Cheetah,1989-08-18,84,United States,"$8,153,677",Jeff Blyth,"['Produced by', 'Roy E. Disney', 'Robert Halmi, Sr.']",,6.1,N/A,50%,1 nomination.
The Little Mermaid,1989-11-17,83,United States,"$111,543,479","['Ron Clements', 'John Musker']","['John Musker', 'Howard Ashman']","['Ron Clements', 'John Musker']",7.6,88,93%,Won 2 Oscars. Another 10 wins & 8 nominations.
DuckTales the Movie: Treasure of the Lost Lamp,1990-08-03,74,United States,"$18,115,724",Bob Hathcock,"['Bob Hathcock', 'Jean-Pierre Quenet']",,6.9,N/A,88%,1 nomination.
The Rescuers Down Under,1990-11-16,77,United States,"$27,931,461","['Hendel Butoy', 'Mike Gabriel']",Thomas Schumacher,,6.9,70,70%,6 wins.
White Fang,1991-01-18,107,United States,"$34,793,160",Randal Kleiser,Markay Powell,,6.7,62,65%,1 win.
Shipwrecked,1990-10-03,93,,"$15,104,156",Nils Gaup,"['Produced by', 'John M. Jacobsen', 'Nigel Wooll']","['Written by', 'O.V. Falck-Ytter', '(novel)', 'Nils Gaup', 'Bob Foss', 'Greg Dinner', 'Nick Thiel']",6.7,N/A,70%,3 nominations.
Wild Hearts Can't Be Broken,1991-05-24,88,United States,"$7,294,835",Steve Miner,Matt Williams,"['Written by', 'Matt Williams', 'Oley Sassone']",7.3,N/A,73%,N/A
The Rocketeer,1991-06-21,108,United States,"$46,704,056",Joe Johnston,"['Charles Gordon', 'Lawrence Gordon', 'Lloyd Levin']",,6.5,61,66%,1 win & 6 nominations.
Beauty and the Beast,1991-09-29,84,United States,"$218,967,620","['Gary Trousdale', 'Kirk Wise']",Don Hahn,,8.0,95,94%,Won 2 Oscars. Another 26 wins & 32 nominations.
Newsies,1992-04-10,121,United States,"$2,819,485",Kenny Ortega,Michael Finnell,"['Bob Tzudiker', 'Noni White']",7.0,46,39%,1 win & 6 nominations.
"Honey, I Blew Up the Kid",1992-07-17,89,United States,"$58,662,452",Randal Kleiser,"['Produced by', 'Dawn Steel', 'Edward S. Feldman']",,4.9,50,40%,10 nominations.
The Mighty Ducks,1992-10-02,104,United States,"$50,752,337",Stephen Herek,"['Jon Avnet', 'Jordan Kerner']",Steven Brill,6.6,46,23%,2 nominations.
Aladdin,1992-11-25,90,United States,"$217,350,219","['John Musker', 'Ron Clements']","['John Musker', 'Ron Clements']",,8.0,86,95%,Won 2 Oscars. Another 31 wins & 22 nominations.
The Muppet Christmas Carol,1992-12-11,86,United States,"$27,381,507",Brian Henson,"['Brian Henson', 'Martin G. Baker']",,7.7,64,76%,2 wins & 1 nomination.
Homeward Bound: The Incredible Journey,1993-02-03,84,United States,"$41,833,324",Duwayne Dunham,"['Produced by', 'Jeffrey Chernov', 'Franklin R. Levy']","['Written by', 'Caroline Thompson', 'Linda Woolverton', 'Jonathan Roberts', '(', ')']",7.0,N/A,87%,1 nomination.
A Far Off Place,1993-03-12,108,United States,"$12,890,752",Mikael Salomon,"['Produced by', 'Eva Monley', 'Elaine Sperber']",,6.6,N/A,45%,N/A
The Adventures of Huck Finn,1993-04-02,107,United States,"$24,103,594",Stephen Sommers,"['Produced by', 'John Baldecchi', 'Steve White']",,6.2,N/A,73%,N/A
Hocus Pocus,1993-07-16,96,United States,"$44,342,713",Kenny Ortega,"['David Kirschner', 'Steven Haft']",,6.9,43,38%,2 wins & 11 nominations.
Cool Runnings,1993-10-01,98,United States,"$68,856,263",Jon Turteltaub,"['Dawn Steel', 'Susan B. Landau', 'Jeffrey Bydalek']",,7.0,60,76%,2 wins & 2 nominations.
The Three Musketeers,1993-11-12,105,,"$20,374,484",Stephen Herek,"['Produced by', 'Roger Birnbaum', 'Joe Roth']",,5.7,35,26%,5 nominations.
Iron Will,1994-01-14,108,United States,"$21,006,361",Charles Haid,"['Produced by', 'Patrick J. Palmer', 'James Ployhar', 'Robert Schwartz', 'George Zepp']","['Written by', 'John Michael Hayes', 'Djordje Milicevic', 'Jeff Arch']",6.6,56,62%,N/A
Blank Check,1994-02-11,94,United States,"$30,577,969",Rupert Wainwright,"['Produced by', 'Gary Adelson', 'Craig Baumgarten', 'Tony Shimkin']","['Written by', 'Blake Snyder', 'Colby Carr']",5.3,42,9%,N/A
D2: The Mighty Ducks,1994-03-25,106,United States,"$45,610,410",Sam Weisman,"['Produced by', 'Jon Avnet', 'Jordan Kerner']",Steven Brill,6.1,N/A,20%,N/A
White Fang 2: Myth of the White Wolf,1994-04-15,102,United States,"$8,878,839",Ken Olin,Preston Fischer,David Fallon,5.5,N/A,71%,N/A
The Lion King,1994-06-15,88,United States,"$422,783,777","['Roger Allers', 'Rob Minkoff']",Don Hahn,,8.5,88,93%,Won 2 Oscars. Another 36 wins & 35 nominations.
Angels in the Outfield,1994-07-15,102,United States,"$50,236,831",William Dear,"['Produced by', 'Irby Smith', 'Joe Roth', 'Roger Birnbaum']",,6.2,44,33%,1 win & 4 nominations.
Squanto: A Warrior's Tale,1994-10-28,102,,"$3,342,223",Xavier Koller,Kathryn F. Galan,Darlene Craviotto,6.0,N/A,60%,N/A
The Santa Clause,1994-11-11,97,United States,"$145,539,357",John Pasquin,"['Produced by', 'Robert Newmyer', 'Brian Reilly', 'Jeffrey Silver']","['Written by', 'Leo Benvenuti', 'Steve Rudnick']",6.5,57,72%,2 wins & 8 nominations.
Rudyard Kipling's The Jungle Book,1994-12-25,111,United States,N/A,Stephen Sommers,"['Produced by', 'Edward S. Feldman', 'Raju Patel']",,7.1,N/A,,N/A
Heavyweights,1995-02-17,100,United States,"$17,689,177",Steven Brill,"['Produced by', 'Roger Birnbaum', 'Joe Roth', 'Morgan Michael Fottrell', 'Charles J.D. Schlissel', 'Jack Giarraputo']","['Written by', 'Steven Brill', 'Judd Apatow']",6.7,42,29%,N/A
Man of the House,1995-03-03,96,United States,"$19,699,706",James Orr,"['Produced by', 'Bonnie Bruckheimer', 'Marty Katz']",,5.4,35,9%,N/A
Tall Tale,1995-03-24,98,United States,"$8,247,627",Jeremiah S. Chechik,"['Produced by', 'Roger Birnbaum', 'Joe Roth']","['Written by', 'Steven L. Bloom', 'Robert Rodat']",5.9,N/A,50%,N/A
A Goofy Movie,1995-04-07,78,,"$35,348,597",Kevin Lima,Dan Rounds,,6.9,N/A,58%,5 nominations.
Pocahontas,1995-06-10,81,United States,"$141,579,773","['Mike Gabriel', 'Eric Goldberg']",Jim Pentecost,,6.7,58,55%,Won 2 Oscars. Another 13 wins & 7 nominations.
Operation Dumbo Drop,1995-07-28,108,,"$24,670,346",Simon Wincer,"['Produced by', 'Diane Nabatoff', 'David Madden']",,5.1,48,31%,N/A
A Kid in King Arthur's Court,1995-08-11,89,,"$13,406,717",Michael Gottlieb,"['Produced by', 'Peter Abrams', 'J.P. Guerin', 'Robert L. Levy']","['Written by', 'Michael Part', 'Robert L. Levy']",4.7,34,5%,1 nomination.
The Big Green,1995-09-29,99,United States,"$17,736,619",Holly Goldberg Sloan,"['Produced by', 'Dennis Bishop', 'Roger Birnbaum']",Holly Goldberg Sloan,5.6,N/A,0%,N/A
Frank and Ollie,1995-01-22,89,United States,N/A,Theodore Thomas,"['Produced by', 'Kuniko Okubo', 'Theodore Thomas']",Theodore Thomas,7.7,N/A,88%,1 win.
Toy Story,1995-11-19,81,United States,"$223,225,679",John Lasseter,"['Bonnie Arnold', 'Ralph Guggenheim']",,8.3,95,100%,Nominated for 3 Oscars. Another 27 wins & 20 nominations.
Tom and Huck,1995-12-22,92,United States,"$23,920,048",Peter Hewitt,"['Produced by', 'Laurence Mark', 'Stephen Sommers']",,5.5,N/A,25%,1 win & 5 nominations.
Muppet Treasure Island,1996-02-16,100,United States,"$34,327,391",Brian Henson,"['Martin G. Baker', 'Brian Henson']",,7.0,64,70%,5 nominations.
Homeward Bound II:Lost in San Francisco,1996-03-08,89,United States,"$32,772,492",David R. Ellis,Barry Jossen,"['Written by', 'Chris Hauty', 'Julie Hickson']",6.0,N/A,53%,3 nominations.
James and the Giant Peach,1996-04-12,79,,"$28,946,127",Henry Selick,"['Produced by', 'Denise Di Novi', 'Tim Burton']",,6.7,78,91%,Nominated for 1 Oscar. Another 4 wins & 12 nominations.
The Hunchback of Notre Dame,1996-06-21,91,United States,"$100,138,851","['Gary Trousdale', 'Kirk Wise']",Don Hahn,,6.9,74,71%,Nominated for 1 Oscar. Another 8 wins & 25 nominations.
First Kid,1996-08-30,101,United States,"$26,491,793",David M. Evans,Roger Birnbaum,Tim Kelleher,5.3,48,20%,1 nomination.
D3: The Mighty Ducks,1996-10-04,104,United States,"$22,955,097",Robert Lieberman,"['Produced by', 'Jordan Kerner', 'Jon Avnet']",,5.5,N/A,20%,2 nominations.
101 Dalmatians,1996-11-27,103,United States,"$136,189,294",Stephen Herek,"['John Hughes', 'Ricardo Mestres']",,5.7,49,41%,Nominated for 1 Golden Globe. Another 3 wins & 9 nominations.
That Darn Cat,1997-02-14,86,United States,"$18,301,610",Bob Spiers,Robert Simonds,,4.7,36,13%,2 nominations.
Jungle 2 Jungle,1997-03-07,105,,"$59,927,618",John Pasquin,"['Produced by', 'Richard Baker', 'Brad Krevoy']","['Written by', 'Bruce A. Evans', 'Raynold Gideon']",5.2,42,19%,3 nominations.
Hercules,1997-06-13,93,United States,"$99,112,101","['Ron Clements', 'John Musker']","['Alice Dewey', 'Ron Clements', 'John Musker']",,7.3,74,84%,Nominated for 1 Oscar. Another 9 wins & 15 nominations.
George of the Jungle,1997-07-16,92,United States,"$105,263,257",Sam Weisman,"['Produced by', 'David Hoberman', 'Jordan Kerner', 'Jon Avnet']",,5.5,53,56%,1 win & 3 nominations.
Air Bud,1997-08-01,98,,"$23,144,499",Charles Martin Smith,"['Produced by', 'Robert Vince', 'William Vince']","['Written by', 'Paul Tamasy', 'Aaron Mendelsohn']",5.2,N/A,45%,4 wins & 3 nominations.
RocketMan,1997-10-10,95,United States,"$96,368,160",Stuart Gillard,Roger Birnbaum,"['Written by', 'Oren Aviv', 'Craig Mazin', 'Greg Erb']",7.3,69,,Won 1 Oscar. Another 20 wins & 76 nominations.
Flubber,1997-11-16,93,United States,"$92,977,226",Les Mayfield,"['John Hughes', 'Ricardo Mestres']",,5.3,37,24%,3 wins & 2 nominations.
Mr. Magoo,1997-12-25,87,United States,"$21,437,192",Stanley Tong,Ben Myron,"['Pat Proft', 'Tom Sherohman']",4.0,18,7%,2 nominations.
Meet the Deedles,1998-03-27,93,United States,"$4,356,216",Steve Boyum,"['Dale Pollock', 'Aaron Meyerson']",Jim Herzfeld,4.1,N/A,7%,1 win & 2 nominations.
Mulan,1998-06-19,87,United States,"$120,620,254","['Barry Cook', 'Tony Bancroft']",Pam Coats,,7.6,71,86%,Nominated for 1 Oscar. Another 17 wins & 20 nominations.
The Parent Trap,1998-07-29,128,United States,"$66,308,518",Nancy Meyers,Charles Shyer,,6.5,64,86%,2 wins & 7 nominations.
I'll Be Home for Christmas,1998-11-13,86,United States,"$12,214,338",Arlene Sanford,"['Robin French', 'Justis Greene', 'David Hoberman', 'Tracey Trench']",,5.5,N/A,23%,N/A
A Bug's Life,1998-11-20,95,United States,"$162,798,565",John Lasseter,"['Darla K. Anderson', 'Kevin Reher']",,7.2,77,92%,Nominated for 1 Oscar. Another 14 wins & 20 nominations.
Mighty Joe Young,1998-12-25,114,United States,"$50,632,037",Ron Underwood,"['Produced by', 'Ted Hartley', 'Tom Jacobson']",,5.6,51,55%,Nominated for 1 Oscar. Another 1 win & 3 nominations.
My Favorite Martian,1999-02-12,93,United States,"$36,850,101",Donald Petrie,"['Produced by', 'Jerry Leider', 'Robert Shapiro', 'Marc Toberoff']","['Written by', 'Sherri Stoner', 'Deanna Oliver']",5.1,33,12%,3 nominations.
Doug's 1st Movie,1999-03-26,83,United States,"$19,440,089",Maurice Joyce,"['Produced by', 'David Campbell', 'Melanie Grisanti', 'Jim Jinkins', 'Bruce Knapp', 'Jack Spillum']",,5.0,N/A,26%,1 nomination.
Endurance,1999-05-14,83,,N/A,"['Directed by', 'Leslie Woodhead', 'Bud Greenspan']","['Produced by', 'Terrence Malick', 'Max Palevsky', 'Edward R. Pressman']",,7.3,N/A,100%,N/A
Tarzan,1999-06-12,88,United States,"$171,091,819","['Kevin Lima', 'Chris Buck']",Bonnie Arnold,,7.3,79,89%,Won 1 Oscar. Another 10 wins & 23 nominations.
Inspector Gadget,1999-07-23,78,United States,"$97,403,112",David Kellogg,"['Roger Birnbaum', 'Andy Heyward', 'Jordan Kerner']",,4.2,36,21%,1 win & 13 nominations.
The Straight Story,1999-05-01,112,,"$6,203,044",David Lynch,"['Produced by', 'Mary Sweeney', 'Neal Edelstein', 'Alain Sarde']","['Written by', 'John Roach', 'Mary Sweeney']",8.0,86,95%,Nominated for 1 Oscar. Another 18 wins & 39 nominations.
Toy Story 2,1999-11-13,92,United States,"$245,852,179",John Lasseter,"['Helene Plotkin', 'Karen Robert Jackson']",,7.9,88,100%,Nominated for 1 Oscar. Another 21 wins & 26 nominations.
Fantasia 2000,1999-12-17,74,United States,"$60,655,420","['Don Hahn', 'Pixote Hunt', 'Hendel Butoy', 'Eric Goldberg', 'James Algar', 'Francis Glebas', 'Paul and Gaëtan Brizzi']",Donald W. Ernst,"['Don Hahn', 'Irene Mecchi', 'David Reynolds', 'Kirk Hanson', 'Kelvin Yasuda', 'James Fujii', 'Francis Glebas', 'Brenda Chapman', 'Christopher Sanders', 'Eric Goldberg', 'James Capobianco', 'Ron Muerin', 'Joe Grant', 'Dick Huemer', 'Perce Pearce', 'Carl Fallberg', 'Robert Gibbs', 'Terry Naughton', 'Todd Kurosawa', 'Pat Ventura', 'Don Dougherty', 'Stevie Wermers', 'Paul and Gaëtan Brizzi']",7.2,59,81%,4 wins & 7 nominations.
The Tigger Movie,2000-02-11,78,,"$45,554,533",Jun Falkenstein,Cheryl Abood,,6.3,53,62%,4 nominations.
Dinosaur,2000-05-19,82,United States,"$137,748,063","['Ralph Zondag', 'Eric Leighton']",Pam Marsden,,6.5,56,64%,4 wins & 21 nominations.
The Kid,2000-07-07,104,United States,N/A,Jon Turteltaub,"['Hunt Lowry', 'Christina Steinberg', 'Jon Turteltaub']",Audrey Wells,8.3,N/A,100%,2 wins.
Remember The Titans,2000-09-29,113,United States,"$115,719,751",Boaz Yakin,"['Produced by', 'Jerry Bruckheimer', 'Chad Oman']",Gregory Allen Howard,7.8,48,73%,8 wins & 18 nominations.
102 Dalmatians,2000-11-22,100,United States,"$66,957,026",Kevin Lima,Edward S. Feldman,,4.9,35,31%,Nominated for 1 Oscar. Another 1 win & 7 nominations.
The Emperor's New Groove,2000-12-15,78,United States,"$89,636,687",Mark Dindal,Randy Fullmer,,7.4,70,85%,Nominated for 1 Oscar. Another 7 wins & 26 nominations.
Recess: School's Out,2001-02-10,83,United States,"$36,706,141",Chuck Sheetz,"['Joe Ansolabehere', 'Paul Germain', 'Toshio Suzuki', 'Stephen Swofford']",,6.6,43,60%,N/A
Atlantis: The Lost Empire,2001-06-03,96,United States,"$84,056,472","['Gary Trousdale', 'Kirk Wise']",Don Hahn,,6.9,52,49%,2 wins & 14 nominations.
The Princess Diaries,2001-08-03,115,United States,"$108,248,956",Garry Marshall,"['Whitney Houston', 'Debra Martin Chase', 'Mario Iscovich']",,6.3,52,48%,3 wins & 11 nominations.
Max Keeble's Big Move,2001-10-05,86,United States,"$17,294,293",Tim Hill,Mike Karz,,5.4,40,29%,1 win & 1 nomination.
"Monsters, Inc.",2001-10-28,92,United States,"$290,642,256",Pete Docter,Darla K. Anderson,,8.1,79,96%,Won 1 Oscar. Another 14 wins & 38 nominations.
Snow Dogs,2002-01-18,99,United States,"$81,172,560",Brian Levant,Jordan Kerner,"['Written by', 'Jim Kouf', 'Tommy Swerdlow', 'Michael Goldberg', 'Mark Gibson', 'Philip Halprin']",5.2,29,25%,1 win.
Return to Never Land,2002-02-10,73,United States,"$48,430,258",Robin Budd,"['Christopher Chase', 'Michelle Pappalardo-Robinson', 'Dan Rounds']",,5.8,49,46%,4 nominations.
The Rookie,2002-03-29,128,United States,"$75,600,072",John Lee Hancock,"['Produced by', 'Mark Ciardi', 'Gordon Gray', 'Mark Johnson']",Mike Rich,6.9,72,84%,5 wins & 4 nominations.
Lilo & Stitch,2002-06-21,85,United States,"$145,794,338","['Chris Sanders', 'Dean DeBlois']",Clark Spencer,,7.2,73,86%,Nominated for 1 Oscar. Another 10 wins & 26 nominations.
The Country Bears,2002-07-21,88,United States,"$16,990,825",Peter Hastings,"['Produced by', 'Andrew Gunn', 'Jeffrey Chernov']",Mark Perez,4.1,37,31%,4 nominations.
Tuck Everlasting,2002-10-11,96,United States,"$19,161,999",Jay Russell,"['Produced by', 'Marc Abraham', 'Jane Startz', 'Thomas Bliss']",,6.6,66,60%,1 win & 3 nominations.
The Santa Clause 2,2002-11-01,104,United States,"$139,236,327",Michael Lembeck,"['Robert Newmyer', 'Brian Reilly', 'Jeffrey Silver']","['Don Rhymer', 'Cinco Paul', 'Ken Daurio', 'Ed Decter', 'John J. Strauss']",5.6,48,56%,1 win & 3 nominations.
Treasure Planet,2002-11-27,95,United States,"$38,176,783","['Directed by', 'Ron Clements', 'John Musker']","['Produced by', 'Ron Clements', 'John Musker', 'Roy Conli']",,7.2,60,69%,Nominated for 1 Oscar. Another 1 win & 13 nominations.
The Jungle Book 2,2003-02-14,72,,"$47,901,582",Steve Trenbirth,"['Produced by', 'Christopher Chase', 'Mary Thorne']","['Written by', 'Karl Geurs', 'Evan Spiliotopoulos']",5.4,38,18%,1 win & 9 nominations.
Piglet's Big Movie,2003-03-16,75,United States,"$23,103,423",Francis Glebas,Michelle Pappalardo-Robinson,,6.2,62,70%,1 nomination.
Ghosts of the Abyss,2003-03-31,61,United States,"$17,040,871",James Cameron,"['Produced by', 'John Bruno', 'James Cameron', 'Chuck Comisky', 'Janace Tashjian', 'Andrew Wight']",,6.8,67,80%,1 nomination.
Holes,2003-04-18,117,United States,"$67,406,573",Andrew Davis,"['Andrew Davis', 'Lowell D. Blank', 'Mike Medavoy', 'Teresa Tucker-Davies']",,7.0,71,78%,3 wins & 9 nominations.
The Lizzie McGuire Movie,2003-05-02,94,United States,"$42,734,455",Jim Fall,Stan Rogow,,5.5,56,40%,2 wins & 3 nominations.
Finding Nemo,2003-05-30,100,United States,"$380,843,261",Andrew Stanton,Graham Walters,,8.1,90,99%,Won 1 Oscar. Another 47 wins & 63 nominations.
Pirates of the Caribbean:The Curse of the Black Pearl,2003-06-28,143,United States,"$305,413,918",Gore Verbinski,Jerry Bruckheimer,,8.0,63,79%,Nominated for 5 Oscars. Another 38 wins & 99 nominations.
Freaky Friday,2003-08-04,97,United States,"$110,230,332",Mark Waters,Andrew Gunn,,6.2,70,88%,Nominated for 1 Golden Globe. Another 5 wins & 10 nominations.
Brother Bear,2003-11-01,85,United States,"$85,336,277","['Directed by', 'Aaron Blaise', 'Robert Walker']",Chuck Williams,,6.8,48,37%,Nominated for 1 Oscar. Another 2 wins & 21 nominations.
The Haunted Mansion,2003-11-26,86,United States,"$75,847,266",Rob Minkoff,"['Andrew Gunn', 'Don Hahn']",David Berenbaum,5.0,34,14%,1 win & 4 nominations.
The Young Black Stallion,2003-12-25,50,United States,"$6,751,389",Simon Wincer,"['Fred Roos', 'Frank Marshall']",,5.6,51,45%,1 nomination.
Teacher's Pet,2004-01-16,74,United States,N/A,Timothy Björklund,Stephen Swofford,,7.1,N/A,86%,Nominated for 2 Oscars. Another 7 nominations.
Miracle,2004-02-06,136,United States,"$64,378,093",Gavin O'Connor,"['Mark Ciardi', 'Gordon Gray', 'Ross Greenburg', 'Justis Greene', 'Jon Mone', ""Greg O'Connor""]","['Eric Guggenheim', 'Mike Rich']",7.5,68,81%,2 wins & 4 nominations.
Confessions of a TeenageDrama Queen,2004-02-20,89,United States,,Sara Sugarman,"['Robert Shapiro', 'Jerry Leider']",,,,,
Home on the Range,2004-04-02,76,United States,"$50,030,461","['Will Finn', 'John Sanford']",Alice Dewey Goldstone,"['Will Finn', 'John Sanford']",5.4,50,53%,5 nominations.
Sacred Planet,2004-04-22,40,,"$1,108,356","['Directed by', 'Jon Long', 'Hairul Salleh Askor']","['Produced by', 'Jon Long', 'Karen Fernandez Long']","['Written by', 'Karen Fernandez Long', 'Jon Long']",6.1,53,,N/A
Around the World in 80 Days,2004-04-06,120,United States,"$24,008,137",Frank Coraci,"['Produced by', 'Bill Badalato', 'Hal Lieberman']",,5.9,49,32%,2 wins & 2 nominations.
America's Heart and Soul,2004-07-02,84,United States,,Louis Schwartzberg,Louis Schwartzberg,,,,,
The Princess Diaries 2:Royal Engagement,2004-08-11,113,United States,"$95,170,481",Garry Marshall,"['Whitney Houston', 'Debra Martin Chase']",,5.8,43,26%,1 win & 2 nominations.
The Incredibles,2004-10-27,115,United States,"$261,441,092",Brad Bird,John Walker,Brad Bird,8.0,90,,Won 2 Oscars. Another 65 wins & 56 nominations.
National Treasure,2004-11-19,131,United States,"$173,008,894",Jon Turteltaub,"['Jerry Bruckheimer', 'Jon Turteltaub']",,6.9,39,46%,1 win & 9 nominations.
Aliens of the Deep,2005-01-28,100,United States,"$8,968,684","['James Cameron', 'Steven Quale']","['James Cameron', 'Andrew Wight']",,6.4,71,84%,N/A
Pooh's Heffalump Movie,2005-02-11,68,United States,"$18,098,433",Frank Nissen,Jessica Koplos-Miller,"['Brian Hohlfeld', 'Evan Spiliotopoulos']",6.4,64,80%,1 nomination.
The Pacifier,2005-03-04,95,United States,"$113,086,868",Adam Shankman,"['Roger Birnbaum', 'Gary Barber', 'Jonathan Glickman']","['Thomas Lennon', 'Robert Ben Garant']",5.6,30,21%,1 win & 10 nominations.
Ice Princess,2005-03-18,97,United States,"$24,402,491",Tim Fywell,Bridget Johnson,,6.0,55,52%,N/A
Herbie: Fully Loaded,2005-06-22,101,United States,"$66,023,816",Angela Robinson,Robert Simonds,,4.8,47,40%,2 wins & 6 nominations.
Sky High,2005-07-29,100,United States,"$63,946,815",Mike Mitchell,Andrew Gunn,"['Paul Hernandez', 'Bob Schooley', 'Mark McCorkle']",6.2,62,73%,1 nomination.
Valiant,2005-03-25,76,,"$19,478,106",Gary Chapman,"['John H. Williams', 'Barnaby Thompson(executive producer)']",,5.5,45,32%,2 nominations.
The Greatest Game Ever Played,2005-09-30,120,United States,"$15,337,393",Bill Paxton,"['Produced by', 'David Blocker', 'Larry Brezner', 'Mark Frost']",,7.4,55,63%,3 nominations.
Chicken Little,2005-10-30,81,United States,"$135,386,665",Mark Dindal,Randy Fullmer,,5.7,48,36%,4 wins & 15 nominations.
"The Chronicles of Narnia:The Lion, the Witch and the Wardrobe",2005-12-07,143,,"$291,710,957",Andrew Adamson,"['Produced by', 'Mark Johnson', 'Phillip Steuer']",,6.9,75,76%,Won 1 Oscar. Another 17 wins & 46 nominations.
Glory road,2006-01-13,106,United States,"$42,647,449",James Gartner,"['Produced by', 'Jerry Bruckheimer']",,7.2,58,100%,2 wins & 3 nominations.
Roving Mars,2006-01-27,40,United States,"$10,407,978",George Butler,"['Produced by', 'George Butler', 'Frank Marshall']","['Written by', 'Robert Andrus', 'George Butler']",7.2,58,,1 win & 1 nomination.
Eight Below,2006-02-17,120,United States,"$81,612,565",Frank Marshall,"['Patrick Crowley', 'David Hoberman']",,7.3,64,72%,2 wins & 2 nominations.
The Shaggy Dog,2006-03-10,99,United States,"$61,123,569",Brian Robbins,"['David Hoberman', 'Tim Allen']",,4.4,43,26%,2 wins & 5 nominations.
The Wild,2006-04-14,82,,"$37,384,046","Steve ""Spaz"" Williams","['Produced by', 'Clint Goldman', 'Beau Flynn']",,5.2,47,44%,2 nominations.
Cars,2006-05-26,117,United States,"$244,082,982",John Lasseter,Darla K. Anderson,,7.1,73,74%,Nominated for 2 Oscars. Another 28 wins & 32 nominations.
Pirates of the Caribbean:  Dead Man's Chest,2006-06-24,150,United States,"$423,315,812",Gore Verbinski,Jerry Bruckheimer,"['Ted Elliott', 'Terry Rossio']",7.3,53,53%,Won 1 Oscar. Another 44 wins & 54 nominations.
Invincible,2006-08-25,104,United States,"$57,806,952",Ericson Core,"['Produced by', 'Gordon Gray', 'Mark Ciardi']",Brad Gann,7.1,63,72%,2 nominations.
The Santa Clause 3:The Escape Clause,2006-11-03,92,United States,"$84,500,122",Michael Lembeck,"['Robert Newmyer', 'Brian Reilly', 'Jeffrey Silver']","['Ed Decter', 'John J. Strauss']",4.8,32,17%,4 wins & 9 nominations.
Bridge to Terabithia,2007-02-16,95,United States,"$82,272,442",Gábor Csupó,"['David L. Paterson', 'Lauren Levine', 'Hal Lieberman']",,7.1,74,85%,6 wins & 5 nominations.
Meet the Robinsons,2007-03-23,94,United States,"$97,822,171",Stephen Anderson,Dorothy McKim,,6.8,61,67%,1 win & 10 nominations.
Pirates of the Caribbean:  At World's End,2007-05-19,167,United States,"$309,420,425",Gore Verbinski,Jerry Bruckheimer,"['Ted Elliott', 'Terry Rossio']",7.1,50,44%,Nominated for 2 Oscars. Another 22 wins & 49 nominations.
Ratatouille,2007-06-22,111,United States,"$206,445,654",Brad Bird,Brad Lewis,,8.0,96,96%,Won 1 Oscar. Another 66 wins & 42 nominations.
Underdog,2007-08-03,82,United States,"$43,760,605",Frederik Du Chau,"['Gary Barber', 'Roger Birnbaum', 'Jonathan Glickman', 'Jay Polstein']","['Joe Piscatella', 'Adam Rifkin', 'Craig A. Williams']",4.7,37,16%,3 nominations.
The Pixar Story,2007-08-28,87,,N/A,Leslie Iwerks,Leslie Iwerks,Leslie Iwerks,7.8,N/A,86%,Nominated for 1 Primetime Emmy. Another 1 nomination.
The Game Plan,2007-09-23,110,United States,"$90,648,202",Andy Fickman,"['Mark Ciardi', 'Gordon Gray']",,6.1,44,29%,3 nominations.
Enchanted,2007-10-20,107,United States,"$127,807,262",Kevin Lima,"['Barry Josephson', 'Barry Sonnenfeld']",Bill Kelly,7.0,75,93%,Nominated for 3 Oscars. Another 12 wins & 48 nominations.
National Treasure: Book of Secrets,2007-12-21,124,United States,"$219,964,115",Jon Turteltaub,"['Jerry Bruckheimer', 'Jon Turteltaub']",,6.5,48,36%,1 win & 5 nominations.
Hannah Montana and Miley Cyrus:Best of Both Worlds Concert,2008-02-01,74,United States,"$65,281,781",Bruce Hendricks,Art Repola,,2.4,59,71%,1 win.
College Road Trip,2008-03-07,83,United States,"$45,610,425",Roger Kumble,Andrew Gunn,"['Written by', 'Emi Mochizuki', 'Carrie Evans', 'Cinco Paul', 'Ken Daurio']",4.3,36,12%,1 nomination.
The Chronicles of Narnia: Prince Caspian,2008-05-07,150,,"$141,621,490",Andrew Adamson,"['Mark Johnson', 'Andrew Adamson', 'Philip Steuer']",,6.5,62,66%,2 wins & 21 nominations.
WALL-E,2008-06-23,97,United States,"$223,808,164",Andrew Stanton,Jim Morris,,8.4,95,95%,Won 1 Oscar. Another 92 wins & 95 nominations.
Beverly Hills Chihuahua,2008-10-03,91,United States,"$94,514,402",Raja Gosnell,"['Produced by', 'David Hoberman', 'Todd Lieberman', 'John Jacobs', 'Ricardo Del Río']",,3.8,41,40%,3 wins & 6 nominations.
Morning Light,2008-10-17,100,United States,"$275,497",Mark Monroe,Morgan Sackett,Mark Morone,5.8,51,33%,N/A
High School Musical 3:  Senior Year,2008-10-17,,United States,"$90,559,416",Kenny Ortega,"['Bill Borden', 'Barry Rosenbush']",Peter Barsocchini,4.8,57,63%,8 wins & 9 nominations.
Bolt,2008-11-21,96,United States,"$114,053,579","['Chris Williams', 'Byron Howard']",Clark Spencer,,6.8,67,89%,Nominated for 1 Oscar. Another 1 win & 31 nominations.
Bedtime Stories,2008-12-25,99,United States,"$110,101,975",Adam Shankman,"['Produced by', 'Adam Sandler', 'Andrew Gunn', 'Jack Giarraputo']",,6.0,33,27%,3 wins & 5 nominations.
Jonas Brothers:The 3D Concert Experience,2009-02-27,,United States,"$19,162,740",Bruce Hendricks,"['Produced by', 'Kevin Jonas, Sr.', 'Alan Sacks', 'Johnny Wright', 'Phil McIntyre']",,1.6,45,23%,1 win & 4 nominations.
Race to Witch Mountain,2009-03-11,98,United States,"$67,172,594",Andy Fickman,Andrew Gunn,,5.7,52,42%,1 nomination.
Hannah Montana: The Movie,2009-04-10,97,United States,"$79,576,189",Peter Chelsom,"['David Blocker', 'Billy Ray Cyrus', 'Alfred Gough', 'Miles Millar', 'Steven Peterman', 'Michael Poryes']",Dan Berendsen,4.5,47,43%,6 wins & 10 nominations.
Earth,2007-10-10,,,"$32,011,576","['Alastair Fothergill', 'Mark Linfield']","['Alix Tidmarsh', 'Sophokles Tasioulius']","['Alastair Fothergill', 'Mark Linfield', 'Leslie Megahey']",8.0,72,86%,5 wins & 1 nomination.
Up,2009-05-29,96,United States,"$293,004,164",Pete Docter,Jonas Rivera,,8.2,88,98%,Won 2 Oscars. Another 77 wins & 87 nominations.
Hexe Lilli: Der Drache und das magische Buch,,,,N/A,Stefan Ruzowitzky,,,N/A,N/A,,N/A
G-Force,2009-07-24,90,United States,"$119,436,770",Hoyt H. Yeatman Jr.,Jerry Bruckheimer,,5.1,41,22%,1 win & 1 nomination.
Walt & El Grupo,1905-06-30,,United States,"$20,521",Theodore Thomas,,Theodore Thomas,6.4,55,59%,N/A
Книга Мастеров,1905-07-01,101,Russia,,Vadim Sokolovsky,"['Produced by', 'Leonid Vereshchagin,', 'Marina Zhigalov-Ozkan']","['Written by', 'Vadim Sokolovsky,', 'Anna Starobinets']",,,,
A Christmas Carol,2009-11-03,96,United States,"$137,855,863",Robert Zemeckis,"['Steve Starkey', 'Robert Zemeckis', 'Jack Rapke']",Robert Zemeckis,6.8,55,53%,3 wins & 5 nominations.
Old Dogs,2009-11-25,88,United States,"$49,492,060",Walt Becker,"['Produced by', 'Andrew Panay', 'Robert L. Levy', 'Peter Abrams']","['Written by', 'David Diamond', 'David Weissman']",5.4,19,5%,5 nominations.
The Princess and the Frog,2009-11-25,97,United States,"$104,400,899","['Ron Clements', 'John Musker']",Peter Del Vecho,,7.1,73,85%,Nominated for 3 Oscars. Another 10 wins & 39 nominations.
Alice in Wonderland,2010-02-25,108,United States,"$334,191,110",Tim Burton,"['Richard D. Zanuck', 'Joe Roth', 'Suzanne Todd', 'Jennifer Todd']",,6.4,53,51%,Won 2 Oscars. Another 33 wins & 63 nominations.
Oceans,2009-10-17,,France,"$19,422,319","['Directed by', 'Jacques Perrin', 'Jacques Cluzaud', '(co-director)']","['Produced by', 'Jacques Perrin', 'Romain Legrand', 'Nicolas Mauvernay', 'Jake Eberts']","['Written by', 'Christophe Cheysson', 'Jacques Cluzaud', 'Laurent Debas', 'Stéphane Durand', 'Laurent Gaudé', 'Jacques Perrin', 'François Sarano']",7.8,75,80%,2 wins & 4 nominations.
Prince of Persia: The Sands of Time,2010-05-09,116,United States,"$90,759,676",Mike Newell,Jerry Bruckheimer,,6.6,50,37%,1 win & 11 nominations.
Toy Story 3,2010-06-12,103,United States,"$415,004,880",Lee Unkrich,Darla K. Anderson,,8.2,92,98%,Won 2 Oscars. Another 59 wins & 95 nominations.
The Sorcerer's Apprentice,2010-07-08,109,United States,"$63,150,991",Jon Turteltaub,Jerry Bruckheimer,,6.1,46,40%,1 win & 1 nomination.
The Crimson Wing: Mystery of the Flamingos,2008-10-26,74,,N/A,"['Directed by', 'Matthew Aeberhard', 'Leander Ward']","['Produced by', 'Matthew Aeberhard', 'Leander Ward', 'Paul Webster', '(executive producer)', 'Stephen Garrett (executive producer)']",Melanie Finn,7.3,N/A,75%,1 win & 1 nomination.
Secretariat,2010-09-30,123,United States,"$59,713,955",Randall Wallace,"['Produced by', 'Mark Ciardi', 'Gordon Gray']","['Written by', 'Mike Rich', 'Sheldon Turner']",7.2,61,63%,3 wins & 6 nominations.
Do Dooni Chaar,2010-10-08,108,India,N/A,Habib Faisal,Arindam Chaudhuri,,7.6,N/A,76%,5 wins.
Tangled,2010-11-14,100,United States,"$200,821,936","['Nathan Greno', 'Byron Howard']",Roy Conli,,7.7,71,89%,Nominated for 1 Oscar. Another 10 wins & 40 nominations.
The Boys: The Sherman Brothers' Story,2009-04-24,101,United States,,"['Directed by', 'Gregory V. Sherman', 'Jeffrey C. Sherman']","['Produced by', 'Gregory V. Sherman', 'Jeffrey C. Sherman', 'Executive:', 'Stuart Cornfeld', 'Ben Stiller']",,,,,
Tron: Legacy,2010-11-30,125,United States,"$172,062,763",Joseph Kosinski,"['Sean Bailey', 'Jeffrey Silver', 'Steven Lisberger']",,6.8,49,51%,Nominated for 1 Oscar. Another 10 wins & 49 nominations.
Anaganaga O Dheerudu,2011-01-14,,India,,Prakash Kovelamudi,"['Produced by', 'Prakash Kovelamudi', 'Shobu Yarlagadda', 'Prasad Devineni']",Choudekar Haricharan Madnoor,,,,
Lilly the Witch:The Journey to Mandolan,2011-02-17,90,Germany,N/A,Harald Sicheritz,,"['Written by', 'Bettine von Borries', 'Achim von Borries']",4.8,N/A,,1 win.
Mars Needs Moms,2011-03-11,88,United States,"$21,392,758",Simon Wells,"['Robert Zemeckis', 'Jack Rapke', 'Steve Starkey', 'Steven Boyd']",,5.4,49,37%,2 nominations.
Zokkomon,2011-04-22,109,India,"$3,000",Satyajit Bhatkal,,,4.1,N/A,50%,N/A
African Cats,2011-04-22,89,,"$15,428,747","['Directed by', 'Alastair Fothergill', 'Keith Scholey']","['Produced by', 'Alix Tidmarsh', 'Keith Scholey']",,7.6,61,73%,3 nominations.
Prom,2011-04-29,104,United States,"$10,130,219",Joe Nussbaum,"['Produced by', 'Ted Griffin', 'Justin Springer']",Katie Wech,5.4,50,35%,1 nomination.
Pirates of the Caribbean:On Stranger Tides,2011-05-07,137,United States,"$241,071,802",Rob Marshall,Jerry Bruckheimer,"['Ted Elliott', 'Terry Rossio']",6.6,45,33%,3 wins & 31 nominations.
Cars 2,2011-06-18,106,United States,"$191,452,396",John Lasseter,Denise Ream,,6.1,57,40%,Nominated for 1 Golden Globe. Another 1 win & 18 nominations.
Winnie the Pooh,2011-04-06,69,United States,"$26,692,846","['Stephen Anderson', 'Don Hall']","['Peter Del Vecho', 'Clark Spencer']",,7.2,74,91%,2 wins & 25 nominations.
The Muppets,2011-11-04,103,United States,"$88,631,237",James Bobin,"['David Hoberman', 'Todd Lieberman']","['Jason Segel', 'Nicholas Stoller']",7.1,75,95%,Won 1 Oscar. Another 16 wins & 43 nominations.
John Carter,2012-02-22,132,United States,"$73,078,100",Andrew Stanton,"['Jim Morris', 'Colin Wilson', 'Lindsey Collins']",,6.6,51,52%,2 wins & 8 nominations.
Chimpanzee,2012-04-20,77,,"$28,972,764","['Directed by', 'Alastair Fothergill', 'Mark Linfield']","['Produced by', 'Alastair Fothergill', 'Mark Linfield', 'Alix Tidmarsh']","['Written by', 'Alastair Fothergill', 'Mark Linfield', 'Don Hahn']",7.2,57,76%,2 nominations.
Arjun: The Warrior Prince,2012-05-25,96,India,"$10,017",Arnab Chaudhuri,"['Produced by', 'Ronnie Screwvala', 'Siddharth Roy Kapur']",,6.8,N/A,67%,1 nomination.
Brave,2012-06-10,93,United States,"$237,283,207","['Mark Andrews', 'Brenda Chapman']",Katherine Sarafian,,7.1,69,78%,Won 1 Oscar. Another 19 wins & 48 nominations.
The Odd Life of Timothy Green,2012-08-15,104,United States,"$51,854,875",Peter Hedges,"['Scott Sanders', 'James Whitaker', 'Ahmet Zappa']",,6.6,47,36%,1 win & 8 nominations.
Frankenweenie,2012-09-20,87,United States,"$35,291,068",Tim Burton,"['Produced by', 'Tim Burton', 'Allison Abbate']",,6.9,74,87%,Nominated for 1 Oscar. Another 11 wins & 49 nominations.
Wreck-It Ralph,2012-10-29,101,United States,"$189,422,889",Rich Moore,Clark Spencer,,7.7,72,87%,Nominated for 1 Oscar. Another 33 wins & 41 nominations.
Oz the Great and Powerful,2013-02-14,130,United States,"$234,911,825",Sam Raimi,Joe Roth,,6.3,44,57%,6 wins & 32 nominations.
Wings of Life,2011-03-16,77,,N/A,Louis Schwartzberg,"['Produced by', 'Grady Candler', 'Alix Tidmarsh']",,7.4,N/A,79%,N/A
Monsters University,2013-06-05,104,United States,"$268,492,764",Dan Scanlon,Kori Rae,"['Dan Gerson', 'Robert L. Baird', 'Dan Scanlon']",7.3,65,80%,Nominated for 1 BAFTA Film Award. Another 9 wins & 57 nominations.
The Lone Ranger,2013-06-22,149,United States,"$89,302,115",Gore Verbinski,"['Jerry Bruckheimer', 'Gore Verbinski']",,6.4,37,30%,Nominated for 2 Oscars. Another 5 wins & 18 nominations.
Planes,2013-08-02,92,United States,"$90,288,712",Klay Hall,Tracy Balthazor-Flynn,,5.7,39,25%,5 nominations.
Frozen,2013-11-19,102,United States,"$400,953,009","['Chris Buck', 'Jennifer Lee']",Peter Del Vecho,,7.4,75,90%,Won 2 Oscars. Another 79 wins & 60 nominations.
Saving Mr. Banks,2013-10-20,125,,"$83,301,580",John Lee Hancock,"['Alison Owen', 'Ian Collie', 'Philip Steuer']","['Kelly Marcel', 'Sue Smith']",7.5,65,79%,Nominated for 1 Oscar. Another 13 wins & 73 nominations.
Muppets Most Wanted,2014-03-11,107,United States,"$51,183,113",James Bobin,"['David Hoberman', 'Todd Lieberman']","['James Bobin', 'Nicholas Stoller']",6.4,61,80%,3 wins & 11 nominations.
Bears,2014-04-18,77,United States,"$17,780,194","['Directed by', 'Alastair Fothergill', 'Keith Scholey']",,"['Written by', 'Alastair Fothergill', 'Adam Chapman']",7.4,68,90%,2 nominations.
Million Dollar Arm,2014-05-06,124,United States,"$36,457,627",Craig Gillespie,"['Produced by', 'Michael Mandt', 'Neil Mandt', 'Joe Roth', 'Mark Ciardi', 'Gordon Gray']",Tom McCarthy,7.0,56,65%,1 win & 2 nominations.
Maleficent,2014-05-28,97,United States,"$241,410,378",Robert Stromberg,Joe Roth,,7.0,56,54%,Nominated for 1 Oscar. Another 12 wins & 42 nominations.
Planes: Fire & Rescue,2014-07-15,84,United States,"$59,165,787",Bobs Gannaway,Ferrell Barron,"['Bobs Gannaway', 'Jeffrey M. Howard']",6.0,48,44%,6 nominations.
"Alexander and the Terrible, Horrible, No Good, Very Bad Day",2014-10-06,81,United States,"$66,954,149",Miguel Arteta,"['Produced by', 'Shawn Levy', 'Dan Levine', 'Lisa Henson']",,6.2,54,61%,1 win & 8 nominations.
Big Hero 6,2014-10-23,102,United States,"$222,527,828","['Don Hall', 'Chris Williams']",Roy Conli,,7.8,74,89%,Won 1 Oscar. Another 16 wins & 58 nominations.
Into the Woods,2014-12-08,124,United States,"$128,002,372",Rob Marshall,"['Rob Marshall', 'John DeLuca', 'Marc Platt', 'Callum McDougall']",,5.9,69,71%,Nominated for 3 Oscars. Another 10 wins & 71 nominations.
"McFarland, USA",2015-02-09,129,United States,"$44,482,410",Niki Caro,"['Gordon Gray', 'Mark Ciardi']",,7.4,60,80%,4 wins & 3 nominations.
Cinderella,2015-02-13,106,,"$201,151,353",Kenneth Branagh,"['Simon Kinberg', 'Allison Shearmur', 'David Barron']",,6.9,67,83%,Nominated for 1 Oscar. Another 8 wins & 36 nominations.
Monkey Kingdom,2015-04-17,82,United States,"$16,432,322","['Mark Linfield', 'Alastair Fothergill']","['Mark Linfield', 'Alastair Fothergill']",,7.3,72,93%,2 wins & 1 nomination.
Tomorrowland,2015-05-09,130,United States,"$93,436,322",Brad Bird,"['Damon Lindelof', 'Brad Bird', 'Jeffrey Chernov']",,6.4,60,50%,2 wins & 19 nominations.
Inside Out,2015-05-18,95,United States,"$356,921,711",Pete Docter,Jonas Rivera,,8.1,94,98%,Won 1 Oscar. Another 99 wins & 115 nominations.
ABCD 2,2015-06-19,154,India,N/A,Remo D'Souza,Siddharth Roy Kapur,"['Written by', 'Dialogues and Lyrics:', 'Mayur Puri', 'Screenplay:', ""Remo D'Souza"", 'Tushar Hiranandani']",N/A,N/A,,N/A
The Good Dinosaur,2015-11-10,97,United States,"$123,087,120",Peter Sohn,Denise Ream,,6.7,66,76%,Nominated for 1 Golden Globe. Another 9 wins & 40 nominations.
The Finest Hours,2016-01-25,117,United States,"$27,569,558",Craig Gillespie,"['Jim Whitaker', 'Dorothy Aufiero']",,6.8,58,63%,2 wins.
Zootopia,2016-02-13,108,United States,"$341,268,248","['Byron Howard', 'Rich Moore']",Clark Spencer,,8.0,78,98%,Won 1 Oscar. Another 46 wins & 71 nominations.
The Jungle Book,2016-04-04,106,United States,"$364,001,123",Jon Favreau,"['Jon Favreau', 'Brigham Taylor']",Justin Marks,7.4,77,94%,Won 1 Oscar. Another 32 wins & 54 nominations.
Alice Through the Looking Glass,2016-05-10,114,United States,"$77,041,381",James Bobin,"['Joe Roth', 'Suzanne Todd', 'Jennifer Todd', 'Tim Burton']",Linda Woolverton,6.2,34,29%,4 wins & 20 nominations.
Finding Dory,2016-06-08,97,United States,"$486,295,561",Andrew Stanton,Lindsey Collins,,7.3,77,94%,Nominated for 1 BAFTA Film Award. Another 17 wins & 45 nominations.
The BFG,2016-05-14,117,United States,"$55,483,770",Steven Spielberg,"['Steven Spielberg', 'Frank Marshall', 'Sam Mercer']",,6.4,66,74%,4 wins & 26 nominations.
Pete's Dragon,2016-08-08,103,United States,"$76,233,151",David Lowery,James Whitaker,,6.7,71,88%,3 wins & 7 nominations.
Queen of Katwe,2016-09-10,124,United States,"$8,874,389",Mira Nair,"['John Carls', 'Lydia Dean Pilcher']",,7.4,73,94%,2 wins & 25 nominations.
Moana,2016-11-14,107,,"$248,757,044","['Ron Clements', 'John Musker']",Osnat Shurer,,7.6,81,95%,Nominated for 2 Oscars. Another 20 wins & 88 nominations.
Dangal,2016-12-21,161,India,"$12,391,761",Nitesh Tiwari,"['Produced by', 'Aamir Khan', 'Kiran Rao', 'Siddharth Roy Kapur']","['Written by', 'Nitesh Tiwari', 'Piyush Gupta', 'Shreyas Jain', 'Nikhil Meharotra']",8.4,N/A,88%,23 wins & 6 nominations.
March of the Penguins,2005-01-26,80,France,"$77,437,223",Luc Jacquet,"['Yves Darondeau', 'Christophe Lioud', 'Emmanuel Priou']","['Luc Jacquet', 'Michel Fessler', 'Jordan Roberts (English Version)']",7.5,79,94%,Won 1 Oscar. Another 21 wins & 15 nominations.
Beauty and the Beast,2017-02-23,129,United States,"$218,967,620",Bill Condon,"['David Hoberman', 'Todd Lieberman']",,8.0,95,94%,Won 2 Oscars. Another 26 wins & 32 nominations.
Pirates of the Caribbean:Dead Men Tell No Tales,2017-05-11,129,United States,"$172,558,876","['Joachim Rønning', 'Espen Sandberg']",Jerry Bruckheimer,,6.5,39,29%,1 win & 12 nominations.
Cars 3,2017-05-23,102,United States,"$152,901,115",Brian Fee,Kevin Reher,,6.7,59,69%,1 win & 24 nominations.
Ghost of the Mountains,2017-06-30,,United States,N/A,Ben Wallis,Brian Leith,Ben Wallis,6.9,N/A,,N/A
Jagga Jasoos,2017-07-14,162,India,"$861,740",Anurag Basu,"['Produced by', 'Siddharth Roy Kapur', 'Anurag Basu', 'Ranbir Kapoor']","['Written by', 'Screenplay:', 'Anurag Basu', 'Dialogues in Rhyme:', 'Amitabh Bhattacharya', 'Anurag Basu', 'Devesh Kapoor', 'Samrat Chakraborty', 'Debatma Mandal', 'Dialogues:', 'Samrat Chakraborty']",6.5,N/A,83%,11 wins & 17 nominations.
Coco,2017-10-20,105,United States,"$210,460,015",Lee Unkrich,Darla K. Anderson,,8.4,81,97%,Won 2 Oscars. Another 109 wins & 39 nominations.
A Wrinkle in Time,2018-02-26,109,United States,"$100,478,608",Ava DuVernay,"['Jim Whitaker', 'Catherine Hand']",,4.2,53,42%,5 wins & 20 nominations.
Incredibles 2,2018-06-05,118,United States,"$608,581,744",Brad Bird,"['John Walker', 'Nicole Paradis Grindle']",Brad Bird,7.6,80,93%,Nominated for 1 Oscar. Another 12 wins & 75 nominations.
Christopher Robin,2018-07-30,104,United States,"$99,215,042",Marc Forster,"['Brigham Taylor', 'Kristin Burr']",,7.3,60,,Nominated for 1 Oscar. Another 2 wins & 11 nominations.
The Nutcracker and the Four Realms,2018-10-29,99,United States,"$54,858,851","['Lasse Hallström', 'Joe Johnston']","['Mark Gordon', 'Larry Franco']",Ashleigh Powell,5.6,39,32%,1 win & 8 nominations.
Ralph Breaks the Internet,2018-11-05,112,United States,"$201,091,711","['Rich Moore', 'Phil Johnston']",Clark Spencer,,7.0,71,88%,Nominated for 1 Oscar. Another 3 wins & 66 nominations.
Mary Poppins Returns,2018-11-29,131,United States,"$171,958,438",Rob Marshall,"['Rob Marshall', 'John DeLuca', 'Marc Platt']",,6.7,66,79%,Nominated for 4 Oscars. Another 22 wins & 103 nominations.
Dumbo,2019-03-11,112,United States,N/A,Tim Burton,"['Justin Springer', 'Ehren Kruger', 'Katterli Frauenfelder', 'Derek Frey']",,7.2,96,98%,Won 1 Oscar. Another 4 wins & 1 nomination.
Penguins,2019-04-17,76,United States,"$7,699,452","['Alastair Fothergill', 'Jeff Wilson']","['Alastair Fothergill', 'Keith Scholey', 'Roy Conli', 'Jeff Wilson']",David Fowler,7.1,69,92%,1 win & 1 nomination.
Aladdin,2019-05-08,128,United States,"$217,350,219",Guy Ritchie,"['Dan Lin', 'Jonathan Eirich']",,8.0,86,95%,Won 2 Oscars. Another 31 wins & 22 nominations.
Toy Story 4,2019-06-11,100,United States,"$434,038,008",Josh Cooley,"['Mark Nielsen', 'Jonas Rivera']",,7.8,84,97%,Won 1 Oscar. Another 55 wins & 62 nominations.
The Lion King,2019-07-09,118,,"$422,783,777",Jon Favreau,"['Jon Favreau', 'Jeffrey Silver', 'Karen Gilchrist']",,8.5,88,93%,Won 2 Oscars. Another 36 wins & 35 nominations.
Maleficent: Mistress of Evil,2019-10-18,119,United States,"$113,929,605",Joachim Rønning,"['Joe Roth', 'Angelina Jolie', 'Duncan Henderson']","['Linda Woolverton', 'Noah Harpster', 'Micah Fitzerman-Blue']",6.6,43,39%,Nominated for 1 Oscar. Another 1 win & 10 nominations.
Lady and the Tramp,2019-11-12,104,United States,"$93,602,326",Charlie Bean,Brigham Taylor,,7.3,78,93%,Nominated for 1 BAFTA Film Award. Another 1 win & 1 nomination.
Noelle,2019-11-12,100,United States,N/A,Marc Lawrence,Suzanne Todd,Marc Lawrence,6.3,48,,N/A
Frozen II,2019-11-07,103,United States,"$477,373,578","['Chris Buck', 'Jennifer Lee']",Peter Del Vecho,,6.9,64,78%,Nominated for 1 Oscar. Another 18 wins & 88 nominations.
Togo,2019-12-20,114,United States,N/A,Ericson Core,Kim Zubick,Tom Flynn,8.0,69,,1 win & 4 nominations.
Timmy Failure: Mistakes Were Made,2020-01-25,99,United States,N/A,Tom McCarthy,"['Alexander Dostal', 'Tom McCarthy', 'Jim Whitaker']",,6.1,60,,3 nominations.
Onward,2020-02-21,102,United States,"$61,555,145",Dan Scanlon,Kori Rae,"['Dan Scanlon', 'Jason Headley', 'Keith Bunin']",7.4,61,88%,Nominated for 1 Golden Globe. Another 3 wins & 59 nominations.
Stargirl,2020-03-13,107,United States,,Julia Hart,"['Produced by', 'Kristin Hahn', 'Ellen Goldsmith-Vein', 'Lee Stollman', 'Jordan Horowitz']",,7.3,N/A,,3 nominations.
Dolphin Reef,2018-03-28,78,United States,N/A,"['Alastair Fothergill', 'Keith Scholey']","['Alastair Fothergill', 'Keith Scholey', 'Roy Conli']",David Fowler,7.5,79,,N/A
Elephant,2020-04-03,89,United States,"$1,266,955","['Mark Linfield', 'Vanessa Berlowitz']","['Mark Linfield', 'Vanessa Berlowitz', 'Roy Conli']",,7.2,70,73%,8 wins & 13 nominations.
Artemis Fowl,2020-06-12,95,United States,N/A,Kenneth Branagh,"['Kenneth Branagh', 'Judy Hofflund']",,4.2,31,8%,1 nomination.
Hamilton,2020-07-03,160,United States,N/A,Thomas Kail,"['Thomas Kail', 'Lin-Manuel Miranda', 'Jeffrey Seller']",Lin-Manuel Miranda,8.5,90,,Nominated for 2 Golden Globes. Another 5 wins & 20 nominations.
Black Is King,2020-07-31,85,United States,N/A,"['Beyoncé Knowles-Carter', 'Kwasi Fordjour', 'Emmanuel Adjei', 'Blitz Bazawule', 'Ibra Ake', 'Jenn Nkiru', 'Jake Nava', 'Pierre Debusschere', 'Dikayl Rimmasch', 'Dafe Oboro']","['Jeremy Sullivan', 'Jimi Adesanya', 'Blitz Bazawule', 'Ben Cooper', 'Astrid Edwards', 'Durwin Julies', 'Yoli Mes', 'Dafe Oboro', 'Akin Omotoso', 'Will Whitney', 'Lauren Baker', 'Jason Baum', 'Alex Chamberlain', 'Robert Day', 'Christophe Faubert', 'Brien Justiniano', 'Rethabile Molatela Mothobi', 'Sylvia Zakhary', 'Nathan Scherrer', 'Erinn Williams']","['Beyoncé Knowles-Carter', 'Yrsa Daley-Ward', 'Clover Hope', 'Andrew Morrow']",5.5,84,,3 nominations.
Magic Camp,2020-08-14,100,United States,N/A,Mark Waters,['Suzanne Todd'],,6.3,N/A,,N/A
The One and Only Ivan,2020-08-21,95,United States,N/A,Thea Sharrock,"['Angelina Jolie', 'Allison Shearmur', 'Brigham Taylor']",,6.7,58,,Nominated for 1 Oscar. Another 1 win & 4 nominations.
Mulan,2020-03-09,115,United States,"$120,620,254",Niki Caro,"['Chris Bender', 'Jake Weiner', 'Jason T. Reed']",,7.6,71,86%,Nominated for 1 Oscar. Another 17 wins & 20 nominations.
Godmothered,2020-12-04,113,United States,N/A,Sharon Maguire,Justin Springer,,6.1,49,,1 win & 2 nominations.
Safety,2020-12-11,119,United States,N/A,Reginald Hudlin,"['Produced by', 'Mark Ciardi', 'Gordon Gray']",Nick Santora,6.8,55,,2 nominations.
Soul,2020-10-11,101,United States,N/A,Pete Docter,Dana Murray,"['Pete Docter', 'Mike Jones', 'Kemp Powers']",8.1,83,,Nominated for 3 Oscars. Another 82 wins & 115 nominations.
Flora & Ulysses,2021-02-19,95,United States,N/A,Lena Khan,Gil Netter,,6.3,62,,N/A
Raya and the Last Dragon,2021-03-03,107,United States,"$30,932,920","['Don Hall', 'Carlos López Estrada']","['Osnat Shurer', 'Peter Del Vecho']",,7.5,75,,N/A
Cruella,2021-05-28,,United States,N/A,Craig Gillespie,"['Andrew Gunn', 'Marc Platt', 'Kristin Burr']",,N/A,N/A,,N/A
Luca,2021-06-18,,United States,N/A,Enrico Casarosa,Andrea Warren,"['Mike Jones', 'Jesse Andrews']",7.4,N/A,,N/A
Jungle Cruise,2021-07-30,,United States,N/A,Jaume Collet-Serra,"['John Davis', 'John Fox', 'Beau Flynn', 'Dwayne Johnson', 'Dany Garcia', 'Hiram Garcia']",,N/A,N/A,,N/A
The Beatles: Get Back,2021-08-27,,,N/A,Peter Jackson,"['Peter Jackson', 'Clare Olssen', 'Jonathan Clyde']",,8.0,N/A,,N/A
Encanto,2021-11-24,,United States,N/A,"['Byron Howard', 'Jared Bush']","['Clark Spencer', 'Yvett Merino Flores']","['Jared Bush', 'Charise Castro Smith']",N/A,N/A,,N/A
Peter Pan & Wendy,1905-07-14,,United States,N/A,David Lowery,"['Jim Whitaker', 'Joe Roth']",,N/A,N/A,,N/A
The Little Mermaid,,,United States,"$111,543,479",Rob Marshall,"['Rob Marshall', 'John DeLuca', 'Marc Platt', 'Lin-Manuel Miranda']",,7.6,88,93%,Won 2 Oscars. Another 10 wins & 8 nominations.
Shrunk,,,United States,N/A,,"['David Hoberman', 'Todd Lieberman']",,N/A,N/A,,N/A
Chip 'n Dale: Rescue Rangers,,,United States,,Akiva Schaffer,"['David Hoberman', 'Todd Lieberman']",,7.6,N/A,,1 nomination.
Enchanted,2007-10-20,107,United States,"$127,807,262",Kevin Lima,"['Barry Josephson', 'Barry Sonnenfeld']",Bill Kelly,7.0,75,93%,Nominated for 3 Oscars. Another 12 wins & 48 nominations.
Pinocchio,,,United States,"$84,254,167",Robert Zemeckis,"['Chris Weitz', 'Andrew Milano']",,7.4,99,73%,Won 2 Oscars. Another 4 wins.
